sku,group_id,brand,name,locale,language_code,country_code,offer_country,categories,card_tier,type:number:min_spend,in_stock,url,image_url,logo_url,price,type:date:enddate
CO-ES-MAD-ART-0001,CO-ES-MAD-ART,Museo del Prado,Get 20% off when you spend €20,es_ES,es,ES,Spain,ARTSCULTURE,Premium,20,True,/CO-ES-MAD-ART-0001,https://cdn.brandfetch.io/museodelprado.es/fallback/transparent/w/600/h/200/banner?c=1bfwsmEH20zzEfSNTed,https://cdn.brandfetch.io/idFvVoMWG-/w/400/h/400/theme/dark/icon.jpeg?c=1bxid64Mup7aczewSAYMX&t=1772483774187,0,2026-11-24T20:50:57
CO-ES-MAD-ART-0002,CO-ES-MAD-ART,Museo del Prado,Get 37% off when you spend €20,es_ES,es,ES,Spain,ARTSCULTURE,Black,37,True,/CO-ES-MAD-ART-0002,https://cdn.brandfetch.io/museodelprado.es/fallback/transparent/w/600/h/200/banner?c=1bfwsmEH20zzEfSNTed,https://cdn.brandfetch.io/idFvVoMWG-/w/400/h/400/theme/dark/icon.jpeg?c=1bxid64Mup7aczewSAYMX&t=1772483774187,0,2026-11-28T08:47:02
CO-ES-MAD-ART-0003,CO-ES-MAD-ART,Museo del Prado,Get 20% off when you spend €20,es_ES,es,ES,Spain,ARTSCULTURE,Standard,20,True,/CO-ES-MAD-ART-0003,https://cdn.brandfetch.io/museodelprado.es/fallback/transparent/w/600/h/200/banner?c=1bfwsmEH20zzEfSNTed,https://cdn.brandfetch.io/idFvVoMWG-/w/400/h/400/theme/dark/icon.jpeg?c=1bxid64Mup7aczewSAYMX&t=1772483774187,0,2026-10-26T08:25:52
CO-ES-MAD-ART-0004,CO-ES-MAD-ART,Museu Picasso Barcelona,Get 21% off when you spend €20,es_ES,es,ES,Spain,ARTSCULTURE,Premium,21,True,/CO-ES-MAD-ART-0004,https://cdn.brandfetch.io/museupicassobcn.cat/fallback/transparent/w/600/h/200/banner?c=1bfwsmEH20zzEfSNTed,https://cdn.brandfetch.io/id6R6jipxg/w/400/h/400/theme/dark/icon.jpeg?c=1bxid64Mup7aczewSAYMX&t=1771789282845,0,2026-12-13T12:31:54
CO-ES-MAD-ART-0005,CO-ES-MAD-ART,Museu Picasso Barcelona,Get 21% off when you spend €20,es_ES,es,ES,Spain,ARTSCULTURE,Standard,21,True,/CO-ES-MAD-ART-0005,https://cdn.brandfetch.io/museupicassobcn.cat/fallback/transparent/w/600/h/200/banner?c=1bfwsmEH20zzEfSNTed,https://cdn.brandfetch.io/id6R6jipxg/w/400/h/400/theme/dark/icon.jpeg?c=1bxid64Mup7aczewSAYMX&t=1771789282845,0,2026-12-26T21:20:08
CO-ES-MAD-SHO-0007,CO-ES-MAD-SHO,El Corte Inglés,Get 6% cashback when you spend €50,es_ES,es,ES,Spain,SHOPPING,Standard,6,True,/CO-ES-MAD-SHO-0007,https://cdn.brandfetch.io/elcorteingles.com/fallback/transparent/w/600/h/200/banner?c=1bfwsmEH20zzEfSNTed,https://cdn.brandfetch.io/idTRWebTrY/w/400/h/400/theme/dark/icon.jpeg?c=1bxid64Mup7aczewSAYMX&t=1776334755459,0,2026-11-23T01:50:45
CO-ES-MAD-SHO-0010,CO-ES-MAD-SHO,Mango,Get 20% cashback when you spend €50,es_ES,es,ES,Spain,SHOPPING,Premium,20,True,/CO-ES-MAD-SHO-0010,https://cdn.brandfetch.io/mango.com/fallback/transparent/w/600/h/200/banner?c=1bfwsmEH20zzEfSNTed,https://cdn.brandfetch.io/idSqy1v6B2/w/360/h/360/theme/dark/icon.jpeg?c=1bxid64Mup7aczewSAYMX&t=1772323328151,0,2026-10-01T20:29:48
CO-ES-MAD-SHO-0011,CO-ES-MAD-SHO,Mango,Get 5% cashback when you spend €50,es_ES,es,ES,Spain,SHOPPING,Standard,5,True,/CO-ES-MAD-SHO-0011,https://cdn.brandfetch.io/mango.com/fallback/transparent/w/600/h/200/banner?c=1bfwsmEH20zzEfSNTed,https://cdn.brandfetch.io/idSqy1v6B2/w/360/h/360/theme/dark/icon.jpeg?c=1bxid64Mup7aczewSAYMX&t=1772323328151,0,2026-10-16T12:27:57
CO-ES-MAD-TRA-0013,CO-ES-MAD-TRA,Iberia,Get 8% cashback when you spend €100,es_ES,es,ES,Spain,TRAVEL,Standard,8,True,/CO-ES-MAD-TRA-0013,https://example.com/image.jpg,https://cdn.brandfetch.io/id7Ift3wzp/w/400/h/400/theme/dark/icon.jpeg?c=1bxid64Mup7aczewSAYMX&t=1667570305680,0,2026-12-03T15:02:21
CO-ES-MAD-TRA-0015,CO-ES-MAD-TRA,Iberia,Get 9% cashback when you spend €100,es_ES,es,ES,Spain,TRAVEL,Premium,9,True,/CO-ES-MAD-TRA-0015,https://example.com/image.jpg,https://cdn.brandfetch.io/id7Ift3wzp/w/400/h/400/theme/dark/icon.jpeg?c=1bxid64Mup7aczewSAYMX&t=1667570305680,0,2026-11-22T03:07:34
CO-ES-MAD-TRA-0016,CO-ES-MAD-TRA,Renfe,Get 6% cashback when you spend €100,es_ES,es,ES,Spain,TRAVEL,Premium,6,True,/CO-ES-MAD-TRA-0016,https://cdn.brandfetch.io/renfe.com/fallback/transparent/w/600/h/200/banner?c=1bfwsmEH20zzEfSNTed,https://cdn.brandfetch.io/idfPRolPOA/w/400/h/400/theme/dark/icon.jpeg?c=1bxid64Mup7aczewSAYMX&t=1772356792546,0,2026-12-14T21:39:46
CO-ES-MAD-CUL-0022,CO-ES-MAD-CUL,Glovo,Get 12% cashback when you spend €15,es_ES,es,ES,Spain,CULINARY,Standard,12,True,/CO-ES-MAD-CUL-0022,https://cdn.brandfetch.io/glovoapp.com/fallback/transparent/w/600/h/200/banner?c=1bfwsmEH20zzEfSNTed,https://cdn.brandfetch.io/idF-QkFQr_/w/400/h/400/theme/dark/icon.jpeg?c=1bxid64Mup7aczewSAYMX&t=1667562341011,0,2026-11-21T02:50:32
CO-ES-MAD-CUL-0024,CO-ES-MAD-CUL,Glovo,Get 32% cashback when you spend €15,es_ES,es,ES,Spain,CULINARY,Black,32,True,/CO-ES-MAD-CUL-0024,https://cdn.brandfetch.io/glovoapp.com/fallback/transparent/w/600/h/200/banner?c=1bfwsmEH20zzEfSNTed,https://cdn.brandfetch.io/idF-QkFQr_/w/400/h/400/theme/dark/icon.jpeg?c=1bxid64Mup7aczewSAYMX&t=1667562341011,0,2026-10-22T16:12:54
CO-ES-MAD-SPO-0028,CO-ES-MAD-SPO,Altafit,Get 17% off when you spend €40,es_ES,es,ES,Spain,SPORTSWELLNESS,Standard,17,True,/CO-ES-MAD-SPO-0028,https://cdn.brandfetch.io/altafit.es/fallback/transparent/w/600/h/200/banner?c=1bfwsmEH20zzEfSNTed,https://cdn.brandfetch.io/domain/altafit.es/fallback/lettermark/theme/dark/h/400/w/400/icon?c=1bfwsmEH20zzEfSNTed,0,2026-12-21T13:20:42
CO-ES-MAD-ENT-0031,CO-ES-MAD-ENT,Cinesa,Get 15% cashback when you spend €20,es_ES,es,ES,Spain,ENTERTAINMENT,Standard,15,True,/CO-ES-MAD-ENT-0031,https://cdn.brandfetch.io/cinesa.es/fallback/transparent/w/600/h/200/banner?c=1bfwsmEH20zzEfSNTed,https://cdn.brandfetch.io/domain/cinesa.es/fallback/lettermark/theme/dark/h/400/w/400/icon?c=1bfwsmEH20zzEfSNTed,0,2026-12-02T05:01:24
CO-ES-MAD-ENT-0032,CO-ES-MAD-ENT,Cinesa,Get 17% cashback when you spend €20,es_ES,es,ES,Spain,ENTERTAINMENT,Premium,17,True,/CO-ES-MAD-ENT-0032,https://cdn.brandfetch.io/cinesa.es/fallback/transparent/w/600/h/200/banner?c=1bfwsmEH20zzEfSNTed,https://cdn.brandfetch.io/domain/cinesa.es/fallback/lettermark/theme/dark/h/400/w/400/icon?c=1bfwsmEH20zzEfSNTed,0,2026-12-18T14:56:23
CO-ES-MAD-ENT-0034,CO-ES-MAD-ENT,Parques Reunidos,Get 15% cashback when you spend €20,es_ES,es,ES,Spain,ENTERTAINMENT,Standard,15,True,/CO-ES-MAD-ENT-0034,https://cdn.brandfetch.io/parquesreunidos.com/fallback/transparent/w/600/h/200/banner?c=1bfwsmEH20zzEfSNTed,https://cdn.brandfetch.io/id_JdqpD97/w/600/h/600/theme/dark/icon.jpeg?c=1bxid64Mup7aczewSAYMX&t=1778139483885,0,2026-12-01T19:01:51
CO-ES-BCN-SHO-0046,CO-ES-BCN-SHO,Mango,Get 17% cashback when you spend €50,es_ES,es,ES,Spain,SHOPPING,Black,17,True,/CO-ES-BCN-SHO-0046,https://cdn.brandfetch.io/mango.com/fallback/transparent/w/600/h/200/banner?c=1bfwsmEH20zzEfSNTed,https://cdn.brandfetch.io/idSqy1v6B2/w/360/h/360/theme/dark/icon.jpeg?c=1bxid64Mup7aczewSAYMX&t=1772323328151,0,2026-10-15T10:23:58
CO-ES-BCN-TRA-0051,CO-ES-BCN-TRA,Iberia,Get 14% cashback when you spend €100,es_ES,es,ES,Spain,TRAVEL,Black,14,True,/CO-ES-BCN-TRA-0051,https://example.com/image.jpg,https://cdn.brandfetch.io/id7Ift3wzp/w/400/h/400/theme/dark/icon.jpeg?c=1bxid64Mup7aczewSAYMX&t=1667570305680,0,2026-12-21T08:25:34
CO-ES-BCN-TRA-0054,CO-ES-BCN-TRA,Renfe,Get 7% cashback when you spend €100,es_ES,es,ES,Spain,TRAVEL,Standard,7,True,/CO-ES-BCN-TRA-0054,https://cdn.brandfetch.io/renfe.com/fallback/transparent/w/600/h/200/banner?c=1bfwsmEH20zzEfSNTed,https://cdn.brandfetch.io/idfPRolPOA/w/400/h/400/theme/dark/icon.jpeg?c=1bxid64Mup7aczewSAYMX&t=1772356792546,0,2026-12-14T02:41:20
CO-ES-BCN-CUL-0059,CO-ES-BCN-CUL,Glovo,Get 21% cashback when you spend €15,es_ES,es,ES,Spain,CULINARY,Premium,21,True,/CO-ES-BCN-CUL-0059,https://cdn.brandfetch.io/glovoapp.com/fallback/transparent/w/600/h/200/banner?c=1bfwsmEH20zzEfSNTed,https://cdn.brandfetch.io/idF-QkFQr_/w/400/h/400/theme/dark/icon.jpeg?c=1bxid64Mup7aczewSAYMX&t=1667562341011,0,2026-12-28T07:23:34
CO-ES-BCN-SPO-0065,CO-ES-BCN-SPO,Altafit,Get 39% off when you spend €40,es_ES,es,ES,Spain,SPORTSWELLNESS,Premium,39,True,/CO-ES-BCN-SPO-0065,https://cdn.brandfetch.io/altafit.es/fallback/transparent/w/600/h/200/banner?c=1bfwsmEH20zzEfSNTed,https://cdn.brandfetch.io/domain/altafit.es/fallback/lettermark/theme/dark/h/400/w/400/icon?c=1bfwsmEH20zzEfSNTed,0,2026-10-16T08:05:03
CO-ES-BCN-SPO-0066,CO-ES-BCN-SPO,Altafit,Get 34% off when you spend €40,es_ES,es,ES,Spain,SPORTSWELLNESS,Black,34,True,/CO-ES-BCN-SPO-0066,https://cdn.brandfetch.io/altafit.es/fallback/transparent/w/600/h/200/banner?c=1bfwsmEH20zzEfSNTed,https://cdn.brandfetch.io/domain/altafit.es/fallback/lettermark/theme/dark/h/400/w/400/icon?c=1bfwsmEH20zzEfSNTed,0,2026-12-04T11:47:17
CO-ES-VAL-SHO-0079,CO-ES-VAL-SHO,El Corte Inglés,Get 17% cashback when you spend €50,es_ES,es,ES,Spain,SHOPPING,Premium,17,True,/CO-ES-VAL-SHO-0079,https://cdn.brandfetch.io/elcorteingles.com/fallback/transparent/w/600/h/200/banner?c=1bfwsmEH20zzEfSNTed,https://cdn.brandfetch.io/idTRWebTrY/w/400/h/400/theme/dark/icon.jpeg?c=1bxid64Mup7aczewSAYMX&t=1776334755459,0,2026-11-30T23:21:47
CO-ES-VAL-ENT-0106,CO-ES-VAL-ENT,Parques Reunidos,Get 23% cashback when you spend €20,es_ES,es,ES,Spain,ENTERTAINMENT,Premium,23,True,/CO-ES-VAL-ENT-0106,https://cdn.brandfetch.io/parquesreunidos.com/fallback/transparent/w/600/h/200/banner?c=1bfwsmEH20zzEfSNTed,https://cdn.brandfetch.io/id_JdqpD97/w/600/h/600/theme/dark/icon.jpeg?c=1bxid64Mup7aczewSAYMX&t=1778139483885,0,2026-11-12T04:57:04
CO-ES-VAL-ENT-0108,CO-ES-VAL-ENT,Parques Reunidos,Get 34% cashback when you spend €20,es_ES,es,ES,Spain,ENTERTAINMENT,Black,34,True,/CO-ES-VAL-ENT-0108,https://cdn.brandfetch.io/parquesreunidos.com/fallback/transparent/w/600/h/200/banner?c=1bfwsmEH20zzEfSNTed,https://cdn.brandfetch.io/id_JdqpD97/w/600/h/600/theme/dark/icon.jpeg?c=1bxid64Mup7aczewSAYMX&t=1778139483885,0,2026-12-01T15:38:24
CO-ES-SEV-SHO-0115,CO-ES-SEV-SHO,El Corte Inglés,Get 22% cashback when you spend €50,es_ES,es,ES,Spain,SHOPPING,Black,22,True,/CO-ES-SEV-SHO-0115,https://cdn.brandfetch.io/elcorteingles.com/fallback/transparent/w/600/h/200/banner?c=1bfwsmEH20zzEfSNTed,https://cdn.brandfetch.io/idTRWebTrY/w/400/h/400/theme/dark/icon.jpeg?c=1bxid64Mup7aczewSAYMX&t=1776334755459,0,2026-11-13T23:55:45
CO-ES-SEV-ENT-0140,CO-ES-SEV-ENT,Cinesa,Get 19% cashback when you spend €20,es_ES,es,ES,Spain,ENTERTAINMENT,Black,19,True,/CO-ES-SEV-ENT-0140,https://cdn.brandfetch.io/cinesa.es/fallback/transparent/w/600/h/200/banner?c=1bfwsmEH20zzEfSNTed,https://cdn.brandfetch.io/domain/cinesa.es/fallback/lettermark/theme/dark/h/400/w/400/icon?c=1bfwsmEH20zzEfSNTed,0,2026-10-01T07:49:41
CO-IT-MIL-ART-0145,CO-IT-MIL-ART,Uffizi Gallery,Get 23% off when you spend €20,it_IT,it,IT,Italy,ARTSCULTURE,Standard,23,True,/CO-IT-MIL-ART-0145,https://example.com/image.jpg,https://cdn.brandfetch.io/idTHmFYujB/w/180/h/180/theme/dark/icon.png?c=1bxid64Mup7aczewSAYMX&t=1773665008793,0,2026-10-12T06:40:32
CO-IT-MIL-ART-0146,CO-IT-MIL-ART,Uffizi Gallery,Get 30% off when you spend €20,it_IT,it,IT,Italy,ARTSCULTURE,Premium,30,True,/CO-IT-MIL-ART-0146,https://example.com/image.jpg,https://cdn.brandfetch.io/idTHmFYujB/w/180/h/180/theme/dark/icon.png?c=1bxid64Mup7aczewSAYMX&t=1773665008793,0,2026-12-28T13:40:39
CO-IT-MIL-ART-0147,CO-IT-MIL-ART,Uffizi Gallery,Get 42% off when you spend €20,it_IT,it,IT,Italy,ARTSCULTURE,Black,42,True,/CO-IT-MIL-ART-0147,https://example.com/image.jpg,https://cdn.brandfetch.io/idTHmFYujB/w/180/h/180/theme/dark/icon.png?c=1bxid64Mup7aczewSAYMX&t=1773665008793,0,2026-11-02T02:35:40
CO-IT-MIL-ART-0148,CO-IT-MIL-ART,MAXXI,Get 20% off when you spend €20,it_IT,it,IT,Italy,ARTSCULTURE,Premium,20,True,/CO-IT-MIL-ART-0148,https://cdn.brandfetch.io/maxxi.art/fallback/transparent/w/600/h/200/banner?c=1bfwsmEH20zzEfSNTed,https://cdn.brandfetch.io/idXsst7lWx/w/400/h/400/theme/dark/icon.jpeg?c=1bxid64Mup7aczewSAYMX&t=1774230317264,0,2026-10-30T19:30:33
CO-IT-MIL-SHO-0151,CO-IT-MIL-SHO,Rinascente,Get 10% cashback when you spend €50,it_IT,it,IT,Italy,SHOPPING,Standard,10,True,/CO-IT-MIL-SHO-0151,https://cdn.brandfetch.io/rinascente.com/fallback/transparent/w/600/h/200/banner?c=1bfwsmEH20zzEfSNTed,https://cdn.brandfetch.io/iduRSeIci9/w/400/h/400/theme/dark/icon.jpeg?c=1bxid64Mup7aczewSAYMX&t=1777437724605,0,2026-11-29T03:25:46
CO-IT-MIL-SHO-0152,CO-IT-MIL-SHO,Rinascente,Get 13% cashback when you spend €50,it_IT,it,IT,Italy,SHOPPING,Premium,13,True,/CO-IT-MIL-SHO-0152,https://cdn.brandfetch.io/rinascente.com/fallback/transparent/w/600/h/200/banner?c=1bfwsmEH20zzEfSNTed,https://cdn.brandfetch.io/iduRSeIci9/w/400/h/400/theme/dark/icon.jpeg?c=1bxid64Mup7aczewSAYMX&t=1777437724605,0,2026-11-09T13:00:50
CO-IT-MIL-SHO-0154,CO-IT-MIL-SHO,OVS,Get 14% cashback when you spend €50,it_IT,it,IT,Italy,SHOPPING,Standard,14,True,/CO-IT-MIL-SHO-0154,https://cdn.brandfetch.io/lescopains.com/fallback/transparent/w/600/h/200/banner?c=1bfwsmEH20zzEfSNTed,https://cdn.brandfetch.io/id2H6gNpCB/w/800/h/800/theme/dark/icon.jpeg?c=1bxid64Mup7aczewSAYMX&t=1779646672943,0,2026-10-25T09:30:10
CO-IT-MIL-SHO-0156,CO-IT-MIL-SHO,OVS,Get 14% cashback when you spend €50,it_IT,it,IT,Italy,SHOPPING,Black,14,True,/CO-IT-MIL-SHO-0156,https://cdn.brandfetch.io/lescopains.com/fallback/transparent/w/600/h/200/banner?c=1bfwsmEH20zzEfSNTed,https://cdn.brandfetch.io/id2H6gNpCB/w/800/h/800/theme/dark/icon.jpeg?c=1bxid64Mup7aczewSAYMX&t=1779646672943,0,2026-12-13T18:16:13
CO-IT-MIL-TRA-0157,CO-IT-MIL-TRA,ITA Airways,Get 8% cashback when you spend €100,it_IT,it,IT,Italy,TRAVEL,Standard,8,True,/CO-IT-MIL-TRA-0157,https://cdn.brandfetch.io/itaspa.com/fallback/transparent/w/600/h/200/banner?c=1bfwsmEH20zzEfSNTed,https://cdn.brandfetch.io/idAsKe00bP/w/400/h/400/theme/dark/icon.png?c=1bxid64Mup7aczewSAYMX&t=1675684355300,0,2026-10-08T22:29:33
CO-IT-MIL-TRA-0158,CO-IT-MIL-TRA,ITA Airways,Get 10% cashback when you spend €100,it_IT,it,IT,Italy,TRAVEL,Premium,10,True,/CO-IT-MIL-TRA-0158,https://cdn.brandfetch.io/itaspa.com/fallback/transparent/w/600/h/200/banner?c=1bfwsmEH20zzEfSNTed,https://cdn.brandfetch.io/idAsKe00bP/w/400/h/400/theme/dark/icon.png?c=1bxid64Mup7aczewSAYMX&t=1675684355300,0,2026-10-17T15:10:58
CO-IT-MIL-TRA-0160,CO-IT-MIL-TRA,Trenitalia,Get 8% cashback when you spend €100,it_IT,it,IT,Italy,TRAVEL,Premium,8,True,/CO-IT-MIL-TRA-0160,https://cdn.brandfetch.io/trenitalia.com/fallback/transparent/w/600/h/200/banner?c=1bfwsmEH20zzEfSNTed,https://cdn.brandfetch.io/idUIpTghbo/w/1080/h/1080/theme/dark/icon.jpeg?c=1bxid64Mup7aczewSAYMX&t=1771924324365,0,2026-12-28T19:28:11
CO-IT-MIL-TRA-0161,CO-IT-MIL-TRA,Trenitalia,Get 9% cashback when you spend €100,it_IT,it,IT,Italy,TRAVEL,Standard,9,True,/CO-IT-MIL-TRA-0161,https://cdn.brandfetch.io/trenitalia.com/fallback/transparent/w/600/h/200/banner?c=1bfwsmEH20zzEfSNTed,https://cdn.brandfetch.io/idUIpTghbo/w/1080/h/1080/theme/dark/icon.jpeg?c=1bxid64Mup7aczewSAYMX&t=1771924324365,0,2026-10-15T20:26:34
CO-IT-MIL-CUL-0163,CO-IT-MIL-CUL,Eataly,Get 26% cashback when you spend €15,it_IT,it,IT,Italy,CULINARY,Black,26,True,/CO-IT-MIL-CUL-0163,https://cdn.brandfetch.io/eataly.com/fallback/transparent/w/600/h/200/banner?c=1bfwsmEH20zzEfSNTed,https://cdn.brandfetch.io/idHeUThkbj/w/200/h/200/theme/dark/icon.jpeg?c=1bxid64Mup7aczewSAYMX&t=1667914956096,0,2026-11-17T12:56:52
CO-IT-MIL-CUL-0164,CO-IT-MIL-CUL,Eataly,Get 11% cashback when you spend €15,it_IT,it,IT,Italy,CULINARY,Standard,11,True,/CO-IT-MIL-CUL-0164,https://cdn.brandfetch.io/eataly.com/fallback/transparent/w/600/h/200/banner?c=1bfwsmEH20zzEfSNTed,https://cdn.brandfetch.io/idHeUThkbj/w/200/h/200/theme/dark/icon.jpeg?c=1bxid64Mup7aczewSAYMX&t=1667914956096,0,2026-11-06T04:03:06
CO-IT-MIL-CUL-0166,CO-IT-MIL-CUL,Rossopomodoro,Get 15% cashback when you spend €15,it_IT,it,IT,Italy,CULINARY,Standard,15,True,/CO-IT-MIL-CUL-0166,https://cdn.brandfetch.io/rossopizza.com/fallback/transparent/w/600/h/200/banner?c=1bfwsmEH20zzEfSNTed,https://cdn.brandfetch.io/id7APXXAE5/w/500/h/500/theme/dark/icon.jpeg?c=1bxid64Mup7aczewSAYMX&t=1761412921695,0,2026-12-31T15:56:09
CO-IT-MIL-CUL-0167,CO-IT-MIL-CUL,Rossopomodoro,Get 25% cashback when you spend €15,it_IT,it,IT,Italy,CULINARY,Premium,25,True,/CO-IT-MIL-CUL-0167,https://cdn.brandfetch.io/rossopizza.com/fallback/transparent/w/600/h/200/banner?c=1bfwsmEH20zzEfSNTed,https://cdn.brandfetch.io/id7APXXAE5/w/500/h/500/theme/dark/icon.jpeg?c=1bxid64Mup7aczewSAYMX&t=1761412921695,0,2026-12-24T15:23:01
CO-IT-MIL-SPO-0169,CO-IT-MIL-SPO,Virgin Active,Get 31% off when you spend €40,it_IT,it,IT,Italy,SPORTSWELLNESS,Premium,31,True,/CO-IT-MIL-SPO-0169,https://cdn.brandfetch.io/virginactive.com.au/fallback/transparent/w/600/h/200/banner?c=1bfwsmEH20zzEfSNTed,https://cdn.brandfetch.io/idLjblsNke/w/2048/h/2048/theme/dark/icon.jpeg?c=1bxid64Mup7aczewSAYMX&t=1777993383335,0,2026-12-10T03:05:54
CO-IT-MIL-SPO-0171,CO-IT-MIL-SPO,Virgin Active,Get 29% off when you spend €40,it_IT,it,IT,Italy,SPORTSWELLNESS,Standard,29,True,/CO-IT-MIL-SPO-0171,https://cdn.brandfetch.io/virginactive.com.au/fallback/transparent/w/600/h/200/banner?c=1bfwsmEH20zzEfSNTed,https://cdn.brandfetch.io/idLjblsNke/w/2048/h/2048/theme/dark/icon.jpeg?c=1bxid64Mup7aczewSAYMX&t=1777993383335,0,2026-10-24T13:43:46
CO-IT-MIL-SPO-0172,CO-IT-MIL-SPO,FitActive,Get 16% off when you spend €40,it_IT,it,IT,Italy,SPORTSWELLNESS,Standard,16,True,/CO-IT-MIL-SPO-0172,https://cdn.brandfetch.io/fitactivesports.com/fallback/transparent/w/600/h/200/banner?c=1bfwsmEH20zzEfSNTed,https://cdn.brandfetch.io/domain/fitactivesports.com/fallback/lettermark/theme/dark/h/400/w/400/icon?c=1bfwsmEH20zzEfSNTed,0,2026-12-11T21:13:03
CO-IT-MIL-SPO-0173,CO-IT-MIL-SPO,FitActive,Get 23% off when you spend €40,it_IT,it,IT,Italy,SPORTSWELLNESS,Premium,23,True,/CO-IT-MIL-SPO-0173,https://cdn.brandfetch.io/fitactivesports.com/fallback/transparent/w/600/h/200/banner?c=1bfwsmEH20zzEfSNTed,https://cdn.brandfetch.io/domain/fitactivesports.com/fallback/lettermark/theme/dark/h/400/w/400/icon?c=1bfwsmEH20zzEfSNTed,0,2026-11-09T20:01:03
CO-IT-MIL-ENT-0175,CO-IT-MIL-ENT,The Space Cinema,Get 13% cashback when you spend €20,it_IT,it,IT,Italy,ENTERTAINMENT,Standard,13,True,/CO-IT-MIL-ENT-0175,https://cdn.brandfetch.io/thespacecinema.it/fallback/transparent/w/600/h/200/banner?c=1bfwsmEH20zzEfSNTed,https://cdn.brandfetch.io/domain/thespacecinema.it/fallback/lettermark/theme/dark/h/400/w/400/icon?c=1bfwsmEH20zzEfSNTed,0,2026-11-15T16:20:50
CO-IT-MIL-ENT-0178,CO-IT-MIL-ENT,UCI Cinemas,Get 14% cashback when you spend €20,it_IT,it,IT,Italy,ENTERTAINMENT,Standard,14,True,/CO-IT-MIL-ENT-0178,https://cdn.brandfetch.io/ucicinemas.com.br/fallback/transparent/w/600/h/200/banner?c=1bfwsmEH20zzEfSNTed,https://cdn.brandfetch.io/id84ejbpSe/w/400/h/400/theme/dark/icon.jpeg?c=1bxid64Mup7aczewSAYMX&t=1777969905425,0,2026-11-17T21:42:09
CO-IT-ROM-CUL-0200,CO-IT-ROM-CUL,Eataly,Get 22% cashback when you spend €15,it_IT,it,IT,Italy,CULINARY,Premium,22,True,/CO-IT-ROM-CUL-0200,https://cdn.brandfetch.io/eataly.com/fallback/transparent/w/600/h/200/banner?c=1bfwsmEH20zzEfSNTed,https://cdn.brandfetch.io/idHeUThkbj/w/200/h/200/theme/dark/icon.jpeg?c=1bxid64Mup7aczewSAYMX&t=1667914956096,0,2026-10-31T02:34:05
CO-IT-ROM-ENT-0212,CO-IT-ROM-ENT,The Space Cinema,Get 13% cashback when you spend €20,it_IT,it,IT,Italy,ENTERTAINMENT,Premium,13,True,/CO-IT-ROM-ENT-0212,https://cdn.brandfetch.io/thespacecinema.it/fallback/transparent/w/600/h/200/banner?c=1bfwsmEH20zzEfSNTed,https://cdn.brandfetch.io/domain/thespacecinema.it/fallback/lettermark/theme/dark/h/400/w/400/icon?c=1bfwsmEH20zzEfSNTed,0,2026-11-03T13:24:36
CO-IT-ROM-ENT-0214,CO-IT-ROM-ENT,UCI Cinemas,Get 22% cashback when you spend €20,it_IT,it,IT,Italy,ENTERTAINMENT,Premium,22,True,/CO-IT-ROM-ENT-0214,https://cdn.brandfetch.io/ucicinemas.com.br/fallback/transparent/w/600/h/200/banner?c=1bfwsmEH20zzEfSNTed,https://cdn.brandfetch.io/id84ejbpSe/w/400/h/400/theme/dark/icon.jpeg?c=1bxid64Mup7aczewSAYMX&t=1777969905425,0,2026-12-28T11:01:17
CO-IT-ROM-ENT-0215,CO-IT-ROM-ENT,UCI Cinemas,Get 31% cashback when you spend €20,it_IT,it,IT,Italy,ENTERTAINMENT,Black,31,True,/CO-IT-ROM-ENT-0215,https://cdn.brandfetch.io/ucicinemas.com.br/fallback/transparent/w/600/h/200/banner?c=1bfwsmEH20zzEfSNTed,https://cdn.brandfetch.io/id84ejbpSe/w/400/h/400/theme/dark/icon.jpeg?c=1bxid64Mup7aczewSAYMX&t=1777969905425,0,2026-11-27T10:00:29
CO-IT-FLO-ART-0220,CO-IT-FLO-ART,MAXXI,Get 26% off when you spend €20,it_IT,it,IT,Italy,ARTSCULTURE,Black,26,True,/CO-IT-FLO-ART-0220,https://cdn.brandfetch.io/maxxi.art/fallback/transparent/w/600/h/200/banner?c=1bfwsmEH20zzEfSNTed,https://cdn.brandfetch.io/idXsst7lWx/w/400/h/400/theme/dark/icon.jpeg?c=1bxid64Mup7aczewSAYMX&t=1774230317264,0,2026-11-23T11:36:04
CO-IT-FLO-ART-0222,CO-IT-FLO-ART,MAXXI,Get 19% off when you spend €20,it_IT,it,IT,Italy,ARTSCULTURE,Standard,19,True,/CO-IT-FLO-ART-0222,https://cdn.brandfetch.io/maxxi.art/fallback/transparent/w/600/h/200/banner?c=1bfwsmEH20zzEfSNTed,https://cdn.brandfetch.io/idXsst7lWx/w/400/h/400/theme/dark/icon.jpeg?c=1bxid64Mup7aczewSAYMX&t=1774230317264,0,2026-11-17T06:50:25
CO-IT-FLO-SHO-0228,CO-IT-FLO-SHO,OVS,Get 9% cashback when you spend €50,it_IT,it,IT,Italy,SHOPPING,Premium,9,True,/CO-IT-FLO-SHO-0228,https://cdn.brandfetch.io/lescopains.com/fallback/transparent/w/600/h/200/banner?c=1bfwsmEH20zzEfSNTed,https://cdn.brandfetch.io/id2H6gNpCB/w/800/h/800/theme/dark/icon.jpeg?c=1bxid64Mup7aczewSAYMX&t=1779646672943,0,2026-11-03T13:19:41
CO-IT-NAP-SHO-0260,CO-IT-NAP-SHO,Rinascente,Get 12% cashback when you spend €50,it_IT,it,IT,Italy,SHOPPING,Black,12,True,/CO-IT-NAP-SHO-0260,https://cdn.brandfetch.io/rinascente.com/fallback/transparent/w/600/h/200/banner?c=1bfwsmEH20zzEfSNTed,https://cdn.brandfetch.io/iduRSeIci9/w/400/h/400/theme/dark/icon.jpeg?c=1bxid64Mup7aczewSAYMX&t=1777437724605,0,2026-10-12T20:54:46
CO-AE-DXB-ART-0289,CO-AE-DXB-ART,Louvre Abu Dhabi,Get 21% off when you spend AED 20,en_AE,en,AE,United Arab Emirates,ARTSCULTURE,Premium,21,True,/CO-AE-DXB-ART-0289,https://cdn.brandfetch.io/louvreabudhabi.ae/fallback/transparent/w/600/h/200/banner?c=1bfwsmEH20zzEfSNTed,https://cdn.brandfetch.io/id1tWbb0Sc/w/400/h/400/theme/dark/icon.jpeg?c=1bxid64Mup7aczewSAYMX&t=1772536549348,0,2026-12-01T08:19:32
CO-AE-DXB-ART-0290,CO-AE-DXB-ART,Louvre Abu Dhabi,Get 39% off when you spend AED 20,en_AE,en,AE,United Arab Emirates,ARTSCULTURE,Black,39,True,/CO-AE-DXB-ART-0290,https://cdn.brandfetch.io/louvreabudhabi.ae/fallback/transparent/w/600/h/200/banner?c=1bfwsmEH20zzEfSNTed,https://cdn.brandfetch.io/id1tWbb0Sc/w/400/h/400/theme/dark/icon.jpeg?c=1bxid64Mup7aczewSAYMX&t=1772536549348,0,2026-10-09T15:05:16
CO-AE-DXB-ART-0292,CO-AE-DXB-ART,Alserkal Avenue,Get 20% off when you spend AED 20,en_AE,en,AE,United Arab Emirates,ARTSCULTURE,Standard,20,True,/CO-AE-DXB-ART-0292,https://cms.alserkal.online/assets/images/alserkal_2025-03-10-094207_xjjy.png,https://encrypted-tbn0.gstatic.com/images?q=tbn:ANd9GcTddFFHynXIgN3B3lAAPnLUbR0slJO4UGF_gA&s,0,2026-10-31T20:45:15
CO-AE-DXB-SHO-0295,CO-AE-DXB-SHO,Dubai Mall,Get 18% cashback when you spend AED 50,en_AE,en,AE,United Arab Emirates,SHOPPING,Premium,18,True,/CO-AE-DXB-SHO-0295,https://cdn.brandfetch.io/thedubaimall.com/fallback/transparent/w/600/h/200/banner?c=1bfwsmEH20zzEfSNTed,https://cdn.brandfetch.io/idNbpL-W2w/w/400/h/400/theme/dark/icon.jpeg?c=1bxid64Mup7aczewSAYMX&t=1772878267791,0,2026-12-22T09:45:19
CO-AE-DXB-SHO-0296,CO-AE-DXB-SHO,Dubai Mall,Get 13% cashback when you spend AED 50,en_AE,en,AE,United Arab Emirates,SHOPPING,Standard,13,True,/CO-AE-DXB-SHO-0296,https://cdn.brandfetch.io/thedubaimall.com/fallback/transparent/w/600/h/200/banner?c=1bfwsmEH20zzEfSNTed,https://cdn.brandfetch.io/idNbpL-W2w/w/400/h/400/theme/dark/icon.jpeg?c=1bxid64Mup7aczewSAYMX&t=1772878267791,0,2026-11-14T03:25:28
CO-AE-DXB-SHO-0298,CO-AE-DXB-SHO,Mall of the Emirates,Get 10% cashback when you spend AED 50,en_AE,en,AE,United Arab Emirates,SHOPPING,Standard,10,True,/CO-AE-DXB-SHO-0298,https://example.com/image.jpg,https://cdn.brandfetch.io/id3ZRWwdL4/w/160/h/100/theme/dark/logo.png?c=1bxid64Mup7aczewSAYMX&t=1777151100640,0,2026-11-09T12:25:24
CO-AE-DXB-TRA-0301,CO-AE-DXB-TRA,Emirates,Get 5% cashback when you spend AED 100,en_AE,en,AE,United Arab Emirates,TRAVEL,Standard,5,True,/CO-AE-DXB-TRA-0301,https://cdn.brandfetch.io/emirates.com/fallback/transparent/w/600/h/200/banner?c=1bfwsmEH20zzEfSNTed,https://cdn.brandfetch.io/idItGcrKZZ/w/400/h/400/theme/dark/icon.jpeg?c=1bxid64Mup7aczewSAYMX&t=1667797048239,0,2026-10-11T00:37:41
CO-AE-DXB-TRA-0302,CO-AE-DXB-TRA,Emirates,Get 13% cashback when you spend AED 100,en_AE,en,AE,United Arab Emirates,TRAVEL,Premium,13,True,/CO-AE-DXB-TRA-0302,https://cdn.brandfetch.io/emirates.com/fallback/transparent/w/600/h/200/banner?c=1bfwsmEH20zzEfSNTed,https://cdn.brandfetch.io/idItGcrKZZ/w/400/h/400/theme/dark/icon.jpeg?c=1bxid64Mup7aczewSAYMX&t=1667797048239,0,2026-10-19T18:11:22
CO-AE-DXB-TRA-0304,CO-AE-DXB-TRA,Etihad Airways,Get 9% cashback when you spend AED 100,en_AE,en,AE,United Arab Emirates,TRAVEL,Standard,9,True,/CO-AE-DXB-TRA-0304,https://cdn.brandfetch.io/etihad.com/fallback/transparent/w/600/h/200/banner?c=1bfwsmEH20zzEfSNTed,https://cdn.brandfetch.io/id4447c7g9/w/400/h/400/theme/dark/icon.jpeg?c=1bxid64Mup7aczewSAYMX&t=1668516898009,0,2026-12-01T01:24:51
CO-AE-DXB-TRA-0305,CO-AE-DXB-TRA,Etihad Airways,Get 9% cashback when you spend AED 100,en_AE,en,AE,United Arab Emirates,TRAVEL,Premium,9,True,/CO-AE-DXB-TRA-0305,https://cdn.brandfetch.io/etihad.com/fallback/transparent/w/600/h/200/banner?c=1bfwsmEH20zzEfSNTed,https://cdn.brandfetch.io/id4447c7g9/w/400/h/400/theme/dark/icon.jpeg?c=1bxid64Mup7aczewSAYMX&t=1668516898009,0,2026-10-25T21:36:04
CO-AE-DXB-CUL-0307,CO-AE-DXB-CUL,Operation Falafel,Get 22% cashback when you spend AED 15,en_AE,en,AE,United Arab Emirates,CULINARY,Premium,22,True,/CO-AE-DXB-CUL-0307,https://dynamic-media-cdn.tripadvisor.com/media/photo-o/2a/03/36/be/some-of-our-delicious.jpg?w=900&h=-1&s=1,https://encrypted-tbn0.gstatic.com/images?q=tbn:ANd9GcRNuEgFB49w8LEpfJteIoRASVhQ9OxNIgZKSA&s,0,2026-12-11T19:52:53
CO-AE-DXB-CUL-0308,CO-AE-DXB-CUL,Operation Falafel,Get 18% cashback when you spend AED 15,en_AE,en,AE,United Arab Emirates,CULINARY,Standard,18,True,/CO-AE-DXB-CUL-0308,https://dynamic-media-cdn.tripadvisor.com/media/photo-o/2a/03/36/be/some-of-our-delicious.jpg?w=900&h=-1&s=1,https://encrypted-tbn0.gstatic.com/images?q=tbn:ANd9GcRNuEgFB49w8LEpfJteIoRASVhQ9OxNIgZKSA&s,0,2026-10-12T22:00:01
CO-AE-DXB-CUL-0310,CO-AE-DXB-CUL,Deliveroo,Get 15% cashback when you spend AED 15,en_AE,en,AE,United Arab Emirates,CULINARY,Standard,15,True,/CO-AE-DXB-CUL-0310,https://cdn.brandfetch.io/deliveroo.com/fallback/transparent/w/600/h/200/banner?c=1bfwsmEH20zzEfSNTed,https://cdn.brandfetch.io/idZKw4eUqb/w/400/h/400/theme/dark/icon.jpeg?c=1bxid64Mup7aczewSAYMX&t=1775911283857,0,2026-11-29T13:51:51
CO-AE-DXB-CUL-0312,CO-AE-DXB-CUL,Deliveroo,Get 20% cashback when you spend AED 15,en_AE,en,AE,United Arab Emirates,CULINARY,Premium,20,True,/CO-AE-DXB-CUL-0312,https://cdn.brandfetch.io/deliveroo.com/fallback/transparent/w/600/h/200/banner?c=1bfwsmEH20zzEfSNTed,https://cdn.brandfetch.io/idZKw4eUqb/w/400/h/400/theme/dark/icon.jpeg?c=1bxid64Mup7aczewSAYMX&t=1775911283857,0,2026-11-23T21:19:15
CO-AE-DXB-SPO-0313,CO-AE-DXB-SPO,Fitness First,Get 16% off when you spend AED 40,en_AE,en,AE,United Arab Emirates,SPORTSWELLNESS,Standard,16,True,/CO-AE-DXB-SPO-0313,https://cdn.brandfetch.io/fit-one.de/fallback/transparent/w/600/h/200/banner?c=1bfwsmEH20zzEfSNTed,https://cdn.brandfetch.io/idGggNqJik/w/1200/h/1200/theme/dark/icon.jpeg?c=1bxid64Mup7aczewSAYMX&t=1772224688968,0,2026-12-20T05:46:37
CO-AE-DXB-SPO-0316,CO-AE-DXB-SPO,GymNation,Get 34% off when you spend AED 40,en_AE,en,AE,United Arab Emirates,SPORTSWELLNESS,Black,34,True,/CO-AE-DXB-SPO-0316,https://cdn.brandfetch.io/gymnation.com/fallback/transparent/w/600/h/200/banner?c=1bfwsmEH20zzEfSNTed,https://cdn.brandfetch.io/idAkEd06h3/w/600/h/600/theme/dark/icon.jpeg?c=1bxid64Mup7aczewSAYMX&t=1718276285702,0,2026-11-04T11:07:32
CO-AE-DXB-SPO-0317,CO-AE-DXB-SPO,GymNation,Get 19% off when you spend AED 40,en_AE,en,AE,United Arab Emirates,SPORTSWELLNESS,Standard,19,True,/CO-AE-DXB-SPO-0317,https://cdn.brandfetch.io/gymnation.com/fallback/transparent/w/600/h/200/banner?c=1bfwsmEH20zzEfSNTed,https://cdn.brandfetch.io/idAkEd06h3/w/600/h/600/theme/dark/icon.jpeg?c=1bxid64Mup7aczewSAYMX&t=1718276285702,0,2026-12-01T11:03:31
CO-AE-DXB-ENT-0319,CO-AE-DXB-ENT,IMG Worlds of Adventure,Get 13% cashback when you spend AED 20,en_AE,en,AE,United Arab Emirates,ENTERTAINMENT,Standard,13,True,/CO-AE-DXB-ENT-0319,https://cdn.brandfetch.io/imgworlds.com/fallback/transparent/w/600/h/200/banner?c=1bfwsmEH20zzEfSNTed,https://cdn.brandfetch.io/id3t9rwZ8B/w/180/h/180/theme/dark/logo.png?c=1bxid64Mup7aczewSAYMX&t=1778556078125,0,2026-12-31T17:20:52
CO-AE-AUH-ART-0325,CO-AE-AUH-ART,Louvre Abu Dhabi,Get 23% off when you spend AED 20,en_AE,en,AE,United Arab Emirates,ARTSCULTURE,Standard,23,True,/CO-AE-AUH-ART-0325,https://cdn.brandfetch.io/louvreabudhabi.ae/fallback/transparent/w/600/h/200/banner?c=1bfwsmEH20zzEfSNTed,https://cdn.brandfetch.io/id1tWbb0Sc/w/400/h/400/theme/dark/icon.jpeg?c=1bxid64Mup7aczewSAYMX&t=1772536549348,0,2026-12-14T19:05:04
CO-AE-AUH-ART-0328,CO-AE-AUH-ART,Alserkal Avenue,Get 23% off when you spend AED 20,en_AE,en,AE,United Arab Emirates,ARTSCULTURE,Premium,23,True,/CO-AE-AUH-ART-0328,https://cms.alserkal.online/assets/images/alserkal_2025-03-10-094207_xjjy.png,https://encrypted-tbn0.gstatic.com/images?q=tbn:ANd9GcTddFFHynXIgN3B3lAAPnLUbR0slJO4UGF_gA&s,0,2026-10-18T03:23:35
CO-AE-AUH-SHO-0336,CO-AE-AUH-SHO,Mall of the Emirates,Get 8% cashback when you spend AED 50,en_AE,en,AE,United Arab Emirates,SHOPPING,Premium,8,True,/CO-AE-AUH-SHO-0336,https://example.com/image.jpg,https://cdn.brandfetch.io/id3ZRWwdL4/w/160/h/100/theme/dark/logo.png?c=1bxid64Mup7aczewSAYMX&t=1777151100640,0,2026-12-22T22:22:54
CO-AE-AUH-SPO-0349,CO-AE-AUH-SPO,Fitness First,Get 39% off when you spend AED 40,en_AE,en,AE,United Arab Emirates,SPORTSWELLNESS,Premium,39,True,/CO-AE-AUH-SPO-0349,https://cdn.brandfetch.io/fit-one.de/fallback/transparent/w/600/h/200/banner?c=1bfwsmEH20zzEfSNTed,https://cdn.brandfetch.io/idGggNqJik/w/1200/h/1200/theme/dark/icon.jpeg?c=1bxid64Mup7aczewSAYMX&t=1772224688968,0,2026-10-05T12:22:38
CO-AE-AUH-SPO-0352,CO-AE-AUH-SPO,GymNation,Get 31% off when you spend AED 40,en_AE,en,AE,United Arab Emirates,SPORTSWELLNESS,Premium,31,True,/CO-AE-AUH-SPO-0352,https://cdn.brandfetch.io/gymnation.com/fallback/transparent/w/600/h/200/banner?c=1bfwsmEH20zzEfSNTed,https://cdn.brandfetch.io/idAkEd06h3/w/600/h/600/theme/dark/icon.jpeg?c=1bxid64Mup7aczewSAYMX&t=1718276285702,0,2026-12-03T17:17:15
CO-AE-AUH-ENT-0355,CO-AE-AUH-ENT,IMG Worlds of Adventure,Get 23% cashback when you spend AED 20,en_AE,en,AE,United Arab Emirates,ENTERTAINMENT,Premium,23,True,/CO-AE-AUH-ENT-0355,https://cdn.brandfetch.io/imgworlds.com/fallback/transparent/w/600/h/200/banner?c=1bfwsmEH20zzEfSNTed,https://cdn.brandfetch.io/id3t9rwZ8B/w/180/h/180/theme/dark/logo.png?c=1bxid64Mup7aczewSAYMX&t=1778556078125,0,2026-10-12T17:30:54
CO-AE-AUH-ENT-0356,CO-AE-AUH-ENT,IMG Worlds of Adventure,Get 32% cashback when you spend AED 20,en_AE,en,AE,United Arab Emirates,ENTERTAINMENT,Black,32,True,/CO-AE-AUH-ENT-0356,https://cdn.brandfetch.io/imgworlds.com/fallback/transparent/w/600/h/200/banner?c=1bfwsmEH20zzEfSNTed,https://cdn.brandfetch.io/id3t9rwZ8B/w/180/h/180/theme/dark/logo.png?c=1bxid64Mup7aczewSAYMX&t=1778556078125,0,2026-10-29T08:46:20
CO-US-NYC-ART-0361,CO-US-NYC-ART,MoMA,Get 18% off when you spend $20,en_US,en,US,United States,ARTSCULTURE,Standard,18,True,/CO-US-NYC-ART-0361,https://cdn.brandfetch.io/moma.org/fallback/transparent/w/600/h/200/banner?c=1bfwsmEH20zzEfSNTed,https://cdn.brandfetch.io/idgOuHUG6o/w/400/h/400/theme/dark/icon.jpeg?c=1bxid64Mup7aczewSAYMX&t=1775323987872,0,2026-12-12T10:42:38
CO-US-NYC-ART-0363,CO-US-NYC-ART,MoMA,Get 37% off when you spend $20,en_US,en,US,United States,ARTSCULTURE,Black,37,True,/CO-US-NYC-ART-0363,https://cdn.brandfetch.io/moma.org/fallback/transparent/w/600/h/200/banner?c=1bfwsmEH20zzEfSNTed,https://cdn.brandfetch.io/idgOuHUG6o/w/400/h/400/theme/dark/icon.jpeg?c=1bxid64Mup7aczewSAYMX&t=1775323987872,0,2026-11-19T17:37:53
CO-US-NYC-ART-0364,CO-US-NYC-ART,Art Institute of Chicago,Get 25% off when you spend $20,en_US,en,US,United States,ARTSCULTURE,Standard,25,True,/CO-US-NYC-ART-0364,https://cdn.brandfetch.io/artic.edu/fallback/transparent/w/600/h/200/banner?c=1bfwsmEH20zzEfSNTed,https://cdn.brandfetch.io/domain/artic.edu/fallback/lettermark/theme/dark/h/400/w/400/icon?c=1bfwsmEH20zzEfSNTed,0,2026-11-17T01:21:08
CO-US-NYC-ART-0365,CO-US-NYC-ART,Art Institute of Chicago,Get 23% off when you spend $20,en_US,en,US,United States,ARTSCULTURE,Premium,23,True,/CO-US-NYC-ART-0365,https://cdn.brandfetch.io/artic.edu/fallback/transparent/w/600/h/200/banner?c=1bfwsmEH20zzEfSNTed,https://cdn.brandfetch.io/domain/artic.edu/fallback/lettermark/theme/dark/h/400/w/400/icon?c=1bfwsmEH20zzEfSNTed,0,2026-11-01T10:32:00
CO-US-NYC-SHO-0367,CO-US-NYC-SHO,Macy's,Get 7% cashback when you spend $50,en_US,en,US,United States,SHOPPING,Standard,7,True,/CO-US-NYC-SHO-0367,https://cdn.brandfetch.io/macys.com/fallback/transparent/w/600/h/200/banner?c=1bfwsmEH20zzEfSNTed,https://cdn.brandfetch.io/id58A6j836/w/400/h/400/theme/dark/icon.jpeg?c=1bxid64Mup7aczewSAYMX&t=1759198019971,0,2026-10-12T19:36:51
CO-US-NYC-SHO-0369,CO-US-NYC-SHO,Macy's,Get 17% cashback when you spend $50,en_US,en,US,United States,SHOPPING,Black,17,True,/CO-US-NYC-SHO-0369,https://cdn.brandfetch.io/macys.com/fallback/transparent/w/600/h/200/banner?c=1bfwsmEH20zzEfSNTed,https://cdn.brandfetch.io/id58A6j836/w/400/h/400/theme/dark/icon.jpeg?c=1bxid64Mup7aczewSAYMX&t=1759198019971,0,2026-10-26T01:11:33
CO-US-NYC-SHO-0370,CO-US-NYC-SHO,Nordstrom,Get 15% cashback when you spend $50,en_US,en,US,United States,SHOPPING,Standard,15,True,/CO-US-NYC-SHO-0370,https://cdn.brandfetch.io/nordstrom.com/fallback/transparent/w/600/h/200/banner?c=1bfwsmEH20zzEfSNTed,https://cdn.brandfetch.io/idda_I9VAi/w/400/h/400/theme/dark/icon.png?c=1bxid64Mup7aczewSAYMX&t=1676881844641,0,2026-11-23T00:23:39
CO-US-NYC-SHO-0371,CO-US-NYC-SHO,Nordstrom,Get 18% cashback when you spend $50,en_US,en,US,United States,SHOPPING,Premium,18,True,/CO-US-NYC-SHO-0371,https://cdn.brandfetch.io/nordstrom.com/fallback/transparent/w/600/h/200/banner?c=1bfwsmEH20zzEfSNTed,https://cdn.brandfetch.io/idda_I9VAi/w/400/h/400/theme/dark/icon.png?c=1bxid64Mup7aczewSAYMX&t=1676881844641,0,2026-12-14T07:01:18
CO-US-NYC-TRA-0373,CO-US-NYC-TRA,Delta Air Lines,Get 15% cashback when you spend $100,en_US,en,US,United States,TRAVEL,Black,15,True,/CO-US-NYC-TRA-0373,https://cdn.brandfetch.io/delta.com/fallback/transparent/w/600/h/200/banner?c=1bfwsmEH20zzEfSNTed,https://cdn.brandfetch.io/id4r1wQjXX/theme/dark/symbol.svg?c=1bxid64Mup7aczewSAYMX&t=1726554968599,0,2026-11-03T17:22:20
CO-US-NYC-TRA-0375,CO-US-NYC-TRA,Delta Air Lines,Get 9% cashback when you spend $100,en_US,en,US,United States,TRAVEL,Standard,9,True,/CO-US-NYC-TRA-0375,https://cdn.brandfetch.io/delta.com/fallback/transparent/w/600/h/200/banner?c=1bfwsmEH20zzEfSNTed,https://cdn.brandfetch.io/id4r1wQjXX/theme/dark/symbol.svg?c=1bxid64Mup7aczewSAYMX&t=1726554968599,0,2026-12-06T15:35:27
CO-US-NYC-TRA-0376,CO-US-NYC-TRA,Amtrak,Get 9% cashback when you spend $100,en_US,en,US,United States,TRAVEL,Standard,9,True,/CO-US-NYC-TRA-0376,https://cdn.brandfetch.io/amtrak.com/fallback/transparent/w/600/h/200/banner?c=1bfwsmEH20zzEfSNTed,https://cdn.brandfetch.io/idu-YTCbWz/w/180/h/180/theme/dark/icon.jpeg?c=1bxid64Mup7aczewSAYMX&t=1667835433062,0,2026-11-08T22:53:18
CO-US-NYC-TRA-0378,CO-US-NYC-TRA,Amtrak,Get 12% cashback when you spend $100,en_US,en,US,United States,TRAVEL,Premium,12,True,/CO-US-NYC-TRA-0378,https://cdn.brandfetch.io/amtrak.com/fallback/transparent/w/600/h/200/banner?c=1bfwsmEH20zzEfSNTed,https://cdn.brandfetch.io/idu-YTCbWz/w/180/h/180/theme/dark/icon.jpeg?c=1bxid64Mup7aczewSAYMX&t=1667835433062,0,2026-11-08T23:33:45
CO-US-NYC-CUL-0379,CO-US-NYC-CUL,Chipotle,Get 17% cashback when you spend $15,en_US,en,US,United States,CULINARY,Standard,17,True,/CO-US-NYC-CUL-0379,https://cdn.brandfetch.io/chipotle.com/fallback/transparent/w/600/h/200/banner?c=1bfwsmEH20zzEfSNTed,https://cdn.brandfetch.io/id_9OdjAfY/w/400/h/400/theme/dark/icon.jpeg?c=1bxid64Mup7aczewSAYMX&t=1721377612352,0,2026-12-15T13:59:49
CO-US-NYC-CUL-0381,CO-US-NYC-CUL,Chipotle,Get 22% cashback when you spend $15,en_US,en,US,United States,CULINARY,Black,22,True,/CO-US-NYC-CUL-0381,https://cdn.brandfetch.io/chipotle.com/fallback/transparent/w/600/h/200/banner?c=1bfwsmEH20zzEfSNTed,https://cdn.brandfetch.io/id_9OdjAfY/w/400/h/400/theme/dark/icon.jpeg?c=1bxid64Mup7aczewSAYMX&t=1721377612352,0,2026-11-26T10:10:52
CO-US-NYC-CUL-0382,CO-US-NYC-CUL,The Cheesecake Factory,Get 14% cashback when you spend $15,en_US,en,US,United States,CULINARY,Standard,14,True,/CO-US-NYC-CUL-0382,https://cdn.brandfetch.io/thecheesecakefactory.com/fallback/transparent/w/600/h/200/banner?c=1bfwsmEH20zzEfSNTed,https://cdn.brandfetch.io/idBYYjs4oV/w/480/h/480/theme/dark/icon.jpeg?c=1bxid64Mup7aczewSAYMX&t=1765264119284,0,2026-12-03T13:16:37
CO-US-NYC-CUL-0384,CO-US-NYC-CUL,The Cheesecake Factory,Get 14% cashback when you spend $15,en_US,en,US,United States,CULINARY,Premium,14,True,/CO-US-NYC-CUL-0384,https://cdn.brandfetch.io/thecheesecakefactory.com/fallback/transparent/w/600/h/200/banner?c=1bfwsmEH20zzEfSNTed,https://cdn.brandfetch.io/idBYYjs4oV/w/480/h/480/theme/dark/icon.jpeg?c=1bxid64Mup7aczewSAYMX&t=1765264119284,0,2026-12-14T08:24:02
CO-US-NYC-SPO-0385,CO-US-NYC-SPO,Equinox,Get 16% off when you spend $40,en_US,en,US,United States,SPORTSWELLNESS,Standard,16,True,/CO-US-NYC-SPO-0385,https://cdn.brandfetch.io/equinox.com/fallback/transparent/w/600/h/200/banner?c=1bfwsmEH20zzEfSNTed,https://cdn.brandfetch.io/idaJYtrW6C/w/399/h/399/theme/dark/icon.jpeg?c=1bxid64Mup7aczewSAYMX&t=1774513897598,0,2026-11-06T20:48:04
CO-US-NYC-SPO-0388,CO-US-NYC-SPO,Life Time,Get 25% off when you spend $40,en_US,en,US,United States,SPORTSWELLNESS,Premium,25,True,/CO-US-NYC-SPO-0388,https://cdn.brandfetch.io/experiencelife.com/fallback/transparent/w/600/h/200/banner?c=1bfwsmEH20zzEfSNTed,https://cdn.brandfetch.io/idlt2h32i9/w/400/h/400/theme/dark/icon.jpeg?c=1bxid64Mup7aczewSAYMX&t=1773640790821,0,2026-11-13T09:59:54
CO-US-NYC-SPO-0389,CO-US-NYC-SPO,Life Time,Get 20% off when you spend $40,en_US,en,US,United States,SPORTSWELLNESS,Standard,20,True,/CO-US-NYC-SPO-0389,https://cdn.brandfetch.io/experiencelife.com/fallback/transparent/w/600/h/200/banner?c=1bfwsmEH20zzEfSNTed,https://cdn.brandfetch.io/idlt2h32i9/w/400/h/400/theme/dark/icon.jpeg?c=1bxid64Mup7aczewSAYMX&t=1773640790821,0,2026-11-02T08:37:26
CO-US-NYC-ENT-0391,CO-US-NYC-ENT,AMC Theatres,Get 23% cashback when you spend $20,en_US,en,US,United States,ENTERTAINMENT,Premium,23,True,/CO-US-NYC-ENT-0391,https://cdn.brandfetch.io/amctheatres.com/fallback/transparent/w/600/h/200/banner?c=1bfwsmEH20zzEfSNTed,https://cdn.brandfetch.io/idr0UBBrXV/w/400/h/400/theme/dark/icon.jpeg?c=1bxid64Mup7aczewSAYMX&t=1667742152700,0,2026-10-13T23:48:15
CO-US-NYC-ENT-0392,CO-US-NYC-ENT,AMC Theatres,Get 15% cashback when you spend $20,en_US,en,US,United States,ENTERTAINMENT,Standard,15,True,/CO-US-NYC-ENT-0392,https://cdn.brandfetch.io/amctheatres.com/fallback/transparent/w/600/h/200/banner?c=1bfwsmEH20zzEfSNTed,https://cdn.brandfetch.io/idr0UBBrXV/w/400/h/400/theme/dark/icon.jpeg?c=1bxid64Mup7aczewSAYMX&t=1667742152700,0,2026-11-24T04:52:37
CO-US-NYC-ENT-0394,CO-US-NYC-ENT,Six Flags,Get 13% cashback when you spend $20,en_US,en,US,United States,ENTERTAINMENT,Standard,13,True,/CO-US-NYC-ENT-0394,https://cdn.brandfetch.io/sixflags.com/fallback/transparent/w/600/h/200/banner?c=1bfwsmEH20zzEfSNTed,https://cdn.brandfetch.io/idxBI0E9wj/w/400/h/400/theme/dark/icon.jpeg?c=1bxid64Mup7aczewSAYMX&t=1720419764644,0,2026-12-08T01:41:07
CO-US-MIA-ART-0398,CO-US-MIA-ART,MoMA,Get 21% off when you spend $20,en_US,en,US,United States,ARTSCULTURE,Premium,21,True,/CO-US-MIA-ART-0398,https://cdn.brandfetch.io/moma.org/fallback/transparent/w/600/h/200/banner?c=1bfwsmEH20zzEfSNTed,https://cdn.brandfetch.io/idgOuHUG6o/w/400/h/400/theme/dark/icon.jpeg?c=1bxid64Mup7aczewSAYMX&t=1775323987872,0,2026-12-03T16:54:45
CO-US-MIA-SHO-0405,CO-US-MIA-SHO,Macy's,Get 10% cashback when you spend $50,en_US,en,US,United States,SHOPPING,Premium,10,True,/CO-US-MIA-SHO-0405,https://cdn.brandfetch.io/macys.com/fallback/transparent/w/600/h/200/banner?c=1bfwsmEH20zzEfSNTed,https://cdn.brandfetch.io/id58A6j836/w/400/h/400/theme/dark/icon.jpeg?c=1bxid64Mup7aczewSAYMX&t=1759198019971,0,2026-11-21T14:26:49
CO-US-MIA-CUL-0417,CO-US-MIA-CUL,Chipotle,Get 21% cashback when you spend $15,en_US,en,US,United States,CULINARY,Premium,21,True,/CO-US-MIA-CUL-0417,https://cdn.brandfetch.io/chipotle.com/fallback/transparent/w/600/h/200/banner?c=1bfwsmEH20zzEfSNTed,https://cdn.brandfetch.io/id_9OdjAfY/w/400/h/400/theme/dark/icon.jpeg?c=1bxid64Mup7aczewSAYMX&t=1721377612352,0,2026-10-09T19:53:04
CO-US-MIA-CUL-0420,CO-US-MIA-CUL,The Cheesecake Factory,Get 24% cashback when you spend $15,en_US,en,US,United States,CULINARY,Black,24,True,/CO-US-MIA-CUL-0420,https://cdn.brandfetch.io/thecheesecakefactory.com/fallback/transparent/w/600/h/200/banner?c=1bfwsmEH20zzEfSNTed,https://cdn.brandfetch.io/idBYYjs4oV/w/480/h/480/theme/dark/icon.jpeg?c=1bxid64Mup7aczewSAYMX&t=1765264119284,0,2026-10-14T06:18:48
CO-US-MIA-SPO-0422,CO-US-MIA-SPO,Equinox,Get 35% off when you spend $40,en_US,en,US,United States,SPORTSWELLNESS,Premium,35,True,/CO-US-MIA-SPO-0422,https://cdn.brandfetch.io/equinox.com/fallback/transparent/w/600/h/200/banner?c=1bfwsmEH20zzEfSNTed,https://cdn.brandfetch.io/idaJYtrW6C/w/399/h/399/theme/dark/icon.jpeg?c=1bxid64Mup7aczewSAYMX&t=1774513897598,0,2026-11-28T18:20:11
CO-US-MIA-ENT-0430,CO-US-MIA-ENT,Six Flags,Get 17% cashback when you spend $20,en_US,en,US,United States,ENTERTAINMENT,Black,17,True,/CO-US-MIA-ENT-0430,https://cdn.brandfetch.io/sixflags.com/fallback/transparent/w/600/h/200/banner?c=1bfwsmEH20zzEfSNTed,https://cdn.brandfetch.io/idxBI0E9wj/w/400/h/400/theme/dark/icon.jpeg?c=1bxid64Mup7aczewSAYMX&t=1720419764644,0,2026-11-05T11:27:11
CO-US-MIA-ENT-0431,CO-US-MIA-ENT,Six Flags,Get 22% cashback when you spend $20,en_US,en,US,United States,ENTERTAINMENT,Premium,22,True,/CO-US-MIA-ENT-0431,https://cdn.brandfetch.io/sixflags.com/fallback/transparent/w/600/h/200/banner?c=1bfwsmEH20zzEfSNTed,https://cdn.brandfetch.io/idxBI0E9wj/w/400/h/400/theme/dark/icon.jpeg?c=1bxid64Mup7aczewSAYMX&t=1720419764644,0,2026-11-30T06:09:43
CO-US-LAX-ART-0438,CO-US-LAX-ART,Art Institute of Chicago,Get 36% off when you spend $20,en_US,en,US,United States,ARTSCULTURE,Black,36,True,/CO-US-LAX-ART-0438,https://cdn.brandfetch.io/artic.edu/fallback/transparent/w/600/h/200/banner?c=1bfwsmEH20zzEfSNTed,https://cdn.brandfetch.io/domain/artic.edu/fallback/lettermark/theme/dark/h/400/w/400/icon?c=1bfwsmEH20zzEfSNTed,0,2026-12-27T01:14:19
CO-US-LAX-TRA-0446,CO-US-LAX-TRA,Delta Air Lines,Get 9% cashback when you spend $100,en_US,en,US,United States,TRAVEL,Premium,9,True,/CO-US-LAX-TRA-0446,https://cdn.brandfetch.io/delta.com/fallback/transparent/w/600/h/200/banner?c=1bfwsmEH20zzEfSNTed,https://cdn.brandfetch.io/id4r1wQjXX/theme/dark/symbol.svg?c=1bxid64Mup7aczewSAYMX&t=1726554968599,0,2026-12-18T04:40:40
CO-US-CHI-TRA-0485,CO-US-CHI-TRA,Amtrak,Get 12% cashback when you spend $100,en_US,en,US,United States,TRAVEL,Black,12,True,/CO-US-CHI-TRA-0485,https://cdn.brandfetch.io/amtrak.com/fallback/transparent/w/600/h/200/banner?c=1bfwsmEH20zzEfSNTed,https://cdn.brandfetch.io/idu-YTCbWz/w/180/h/180/theme/dark/icon.jpeg?c=1bxid64Mup7aczewSAYMX&t=1667835433062,0,2026-12-04T09:09:51
CO-US-CHI-SPO-0496,CO-US-CHI-SPO,Life Time,Get 26% off when you spend $40,en_US,en,US,United States,SPORTSWELLNESS,Black,26,True,/CO-US-CHI-SPO-0496,https://cdn.brandfetch.io/experiencelife.com/fallback/transparent/w/600/h/200/banner?c=1bfwsmEH20zzEfSNTed,https://cdn.brandfetch.io/idlt2h32i9/w/400/h/400/theme/dark/icon.jpeg?c=1bxid64Mup7aczewSAYMX&t=1773640790821,0,2026-12-21T18:45:22
CO-FR-PAR-ART-0505,CO-FR-PAR-ART,Musée d'Orsay,Get 23% off when you spend €20,fr_FR,fr,FR,France,ARTSCULTURE,Premium,23,True,/CO-FR-PAR-ART-0505,https://cdn.brandfetch.io/petitsmo.fr/fallback/transparent/w/600/h/200/banner?c=1bfwsmEH20zzEfSNTed,https://cdn.brandfetch.io/idnC8oqz-x/w/400/h/400/theme/dark/icon.jpeg?c=1bxid64Mup7aczewSAYMX&t=1722155961623,0,2026-12-03T10:24:11
CO-FR-PAR-ART-0506,CO-FR-PAR-ART,Musée d'Orsay,Get 34% off when you spend €20,fr_FR,fr,FR,France,ARTSCULTURE,Black,34,True,/CO-FR-PAR-ART-0506,https://cdn.brandfetch.io/petitsmo.fr/fallback/transparent/w/600/h/200/banner?c=1bfwsmEH20zzEfSNTed,https://cdn.brandfetch.io/idnC8oqz-x/w/400/h/400/theme/dark/icon.jpeg?c=1bxid64Mup7aczewSAYMX&t=1722155961623,0,2026-10-04T00:20:53
CO-FR-PAR-ART-0507,CO-FR-PAR-ART,Musée d'Orsay,Get 16% off when you spend €20,fr_FR,fr,FR,France,ARTSCULTURE,Standard,16,True,/CO-FR-PAR-ART-0507,https://cdn.brandfetch.io/petitsmo.fr/fallback/transparent/w/600/h/200/banner?c=1bfwsmEH20zzEfSNTed,https://cdn.brandfetch.io/idnC8oqz-x/w/400/h/400/theme/dark/icon.jpeg?c=1bxid64Mup7aczewSAYMX&t=1722155961623,0,2026-11-01T21:22:11
CO-FR-PAR-ART-0508,CO-FR-PAR-ART,Centre Pompidou,Get 22% off when you spend €20,fr_FR,fr,FR,France,ARTSCULTURE,Standard,22,True,/CO-FR-PAR-ART-0508,https://blog.artsper.com/wp-content/uploads/2014/07/New-Featured-Image-1200-x-675-2.jpg,https://cdn.brandfetch.io/idEQ4MXbrm/w/900/h/900/theme/dark/icon.png?c=1bxid64Mup7aczewSAYMX&t=1778052281237,0,2026-10-14T12:38:02
CO-FR-PAR-SHO-0511,CO-FR-PAR-SHO,Galeries Lafayette,Get 16% cashback when you spend €50,fr_FR,fr,FR,France,SHOPPING,Premium,16,True,/CO-FR-PAR-SHO-0511,https://dynamic-media-cdn.tripadvisor.com/media/photo-o/0c/aa/fb/74/underneath-the-glass.jpg?w=1200&h=-1&s=1,https://cdn.brandfetch.io/idj0v6ERpB/w/548/h/548/theme/dark/icon.jpeg?c=1bxid64Mup7aczewSAYMX&t=1741332488745,0,2026-12-19T16:03:34
CO-FR-PAR-SHO-0512,CO-FR-PAR-SHO,Galeries Lafayette,Get 12% cashback when you spend €50,fr_FR,fr,FR,France,SHOPPING,Standard,12,True,/CO-FR-PAR-SHO-0512,https://dynamic-media-cdn.tripadvisor.com/media/photo-o/0c/aa/fb/74/underneath-the-glass.jpg?w=1200&h=-1&s=1,https://cdn.brandfetch.io/idj0v6ERpB/w/548/h/548/theme/dark/icon.jpeg?c=1bxid64Mup7aczewSAYMX&t=1741332488745,0,2026-12-24T19:56:07
CO-FR-PAR-SHO-0514,CO-FR-PAR-SHO,Printemps,Get 9% cashback when you spend €50,fr_FR,fr,FR,France,SHOPPING,Standard,9,True,/CO-FR-PAR-SHO-0514,https://cdn.brandfetch.io/printemps-bourges.com/fallback/transparent/w/600/h/200/banner?c=1bfwsmEH20zzEfSNTed,https://cdn.brandfetch.io/idvnIR2VaI/w/1080/h/1080/theme/dark/icon.jpeg?c=1bxid64Mup7aczewSAYMX&t=1778905050291,0,2026-11-04T00:40:49
CO-FR-PAR-SHO-0515,CO-FR-PAR-SHO,Printemps,Get 26% cashback when you spend €50,fr_FR,fr,FR,France,SHOPPING,Black,26,True,/CO-FR-PAR-SHO-0515,https://cdn.brandfetch.io/printemps-bourges.com/fallback/transparent/w/600/h/200/banner?c=1bfwsmEH20zzEfSNTed,https://cdn.brandfetch.io/idvnIR2VaI/w/1080/h/1080/theme/dark/icon.jpeg?c=1bxid64Mup7aczewSAYMX&t=1778905050291,0,2026-12-19T11:49:43
CO-FR-PAR-TRA-0517,CO-FR-PAR-TRA,Air France,Get 12% cashback when you spend €100,fr_FR,fr,FR,France,TRAVEL,Premium,12,True,/CO-FR-PAR-TRA-0517,https://img.static-af.com/transform/e56219e9-21c7-4bb0-b7a5-f5353a5140d3/,https://cdn.brandfetch.io/idddYhP85r/w/400/h/400/theme/dark/icon.jpeg?c=1bxid64Mup7aczewSAYMX&t=1667836693116,0,2026-11-08T10:31:44
CO-FR-PAR-TRA-0518,CO-FR-PAR-TRA,Air France,Get 10% cashback when you spend €100,fr_FR,fr,FR,France,TRAVEL,Black,10,True,/CO-FR-PAR-TRA-0518,https://img.static-af.com/transform/e56219e9-21c7-4bb0-b7a5-f5353a5140d3/,https://cdn.brandfetch.io/idddYhP85r/w/400/h/400/theme/dark/icon.jpeg?c=1bxid64Mup7aczewSAYMX&t=1667836693116,0,2026-12-22T18:54:00
CO-FR-PAR-TRA-0519,CO-FR-PAR-TRA,Air France,Get 7% cashback when you spend €100,fr_FR,fr,FR,France,TRAVEL,Standard,7,True,/CO-FR-PAR-TRA-0519,https://img.static-af.com/transform/e56219e9-21c7-4bb0-b7a5-f5353a5140d3/,https://cdn.brandfetch.io/idddYhP85r/w/400/h/400/theme/dark/icon.jpeg?c=1bxid64Mup7aczewSAYMX&t=1667836693116,0,2026-11-29T22:25:21
CO-FR-PAR-TRA-0520,CO-FR-PAR-TRA,SNCF Connect,Get 9% cashback when you spend €100,fr_FR,fr,FR,France,TRAVEL,Standard,9,True,/CO-FR-PAR-TRA-0520,https://cdn.brandfetch.io/sncf-connect.com/fallback/transparent/w/600/h/200/banner?c=1bfwsmEH20zzEfSNTed,https://cdn.brandfetch.io/domain/sncf-connect.com/fallback/lettermark/theme/dark/h/400/w/400/icon?c=1bfwsmEH20zzEfSNTed,0,2026-10-18T17:48:45
CO-FR-PAR-TRA-0521,CO-FR-PAR-TRA,SNCF Connect,Get 17% cashback when you spend €100,fr_FR,fr,FR,France,TRAVEL,Black,17,True,/CO-FR-PAR-TRA-0521,https://cdn.brandfetch.io/sncf-connect.com/fallback/transparent/w/600/h/200/banner?c=1bfwsmEH20zzEfSNTed,https://cdn.brandfetch.io/domain/sncf-connect.com/fallback/lettermark/theme/dark/h/400/w/400/icon?c=1bfwsmEH20zzEfSNTed,0,2026-10-22T15:11:09
CO-FR-PAR-CUL-0523,CO-FR-PAR-CUL,Paul,Get 11% cashback when you spend €15,fr_FR,fr,FR,France,CULINARY,Standard,11,True,/CO-FR-PAR-CUL-0523,https://cloudfront-eu-central-1.images.arcpublishing.com/arenaholdings/6OWNBXMMLBMIDL2S2BCEMQZN5A.jpg,https://www.paul-bakeries.com/media/logo/websites/165/Logo_Paul_FR.png,0,2026-11-08T12:15:15
CO-FR-PAR-CUL-0526,CO-FR-PAR-CUL,Big Mamma,Get 13% cashback when you spend €15,fr_FR,fr,FR,France,CULINARY,Premium,13,True,/CO-FR-PAR-CUL-0526,https://cdn.brandfetch.io/bigsquadra.com/fallback/transparent/w/600/h/200/banner?c=1bfwsmEH20zzEfSNTed,https://cdn.brandfetch.io/idiRzYaPLE/w/400/h/400/theme/dark/icon.jpeg?c=1bxid64Mup7aczewSAYMX&t=1776993755756,0,2026-11-09T16:14:46
CO-FR-PAR-CUL-0527,CO-FR-PAR-CUL,Big Mamma,Get 15% cashback when you spend €15,fr_FR,fr,FR,France,CULINARY,Standard,15,True,/CO-FR-PAR-CUL-0527,https://cdn.brandfetch.io/bigsquadra.com/fallback/transparent/w/600/h/200/banner?c=1bfwsmEH20zzEfSNTed,https://cdn.brandfetch.io/idiRzYaPLE/w/400/h/400/theme/dark/icon.jpeg?c=1bxid64Mup7aczewSAYMX&t=1776993755756,0,2026-11-04T00:50:19
CO-FR-PAR-SPO-0529,CO-FR-PAR-SPO,Basic-Fit,Get 34% off when you spend €40,fr_FR,fr,FR,France,SPORTSWELLNESS,Premium,34,True,/CO-FR-PAR-SPO-0529,https://www.basic-fit.com/on/demandware.static/-/Library-Sites-basic-fit-shared-library/default/dwe3bd8a27/Club%20page%20website-BasicFit%20Tilburg%2026-8-2113386.jpeg,https://cdn.brandfetch.io/idqIqFRUKy/w/400/h/400/theme/dark/icon.png?c=1bxid64Mup7aczewSAYMX&t=1667729076557,0,2026-12-06T16:28:42
CO-FR-PAR-SPO-0530,CO-FR-PAR-SPO,Basic-Fit,Get 28% off when you spend €40,fr_FR,fr,FR,France,SPORTSWELLNESS,Standard,28,True,/CO-FR-PAR-SPO-0530,https://www.basic-fit.com/on/demandware.static/-/Library-Sites-basic-fit-shared-library/default/dwe3bd8a27/Club%20page%20website-BasicFit%20Tilburg%2026-8-2113386.jpeg,https://cdn.brandfetch.io/idqIqFRUKy/w/400/h/400/theme/dark/icon.png?c=1bxid64Mup7aczewSAYMX&t=1667729076557,0,2026-10-09T00:53:39
CO-FR-PAR-SPO-0532,CO-FR-PAR-SPO,Fitness Park,Get 27% off when you spend €40,fr_FR,fr,FR,France,SPORTSWELLNESS,Standard,27,True,/CO-FR-PAR-SPO-0532,https://cdn.brandfetch.io/fitnesspark.fr/fallback/transparent/w/600/h/200/banner?c=1bfwsmEH20zzEfSNTed,https://cdn.brandfetch.io/domain/fitnesspark.fr/fallback/lettermark/theme/dark/h/400/w/400/icon?c=1bfwsmEH20zzEfSNTed,0,2026-10-01T03:13:32
CO-FR-PAR-SPO-0533,CO-FR-PAR-SPO,Fitness Park,Get 35% off when you spend €40,fr_FR,fr,FR,France,SPORTSWELLNESS,Premium,35,True,/CO-FR-PAR-SPO-0533,https://cdn.brandfetch.io/fitnesspark.fr/fallback/transparent/w/600/h/200/banner?c=1bfwsmEH20zzEfSNTed,https://cdn.brandfetch.io/domain/fitnesspark.fr/fallback/lettermark/theme/dark/h/400/w/400/icon?c=1bfwsmEH20zzEfSNTed,0,2026-10-10T15:25:34
CO-FR-PAR-ENT-0535,CO-FR-PAR-ENT,Pathé,Get 17% cashback when you spend €20,fr_FR,fr,FR,France,ENTERTAINMENT,Standard,17,True,/CO-FR-PAR-ENT-0535,https://cdn.brandfetch.io/pathefilms.com/fallback/transparent/w/600/h/200/banner?c=1bfwsmEH20zzEfSNTed,https://cdn.brandfetch.io/idwn3iPgad/w/400/h/400/theme/dark/icon.jpeg?c=1bxid64Mup7aczewSAYMX&t=1772824624166,0,2026-12-01T21:34:28
CO-FR-PAR-ENT-0536,CO-FR-PAR-ENT,Pathé,Get 34% cashback when you spend €20,fr_FR,fr,FR,France,ENTERTAINMENT,Black,34,True,/CO-FR-PAR-ENT-0536,https://cdn.brandfetch.io/pathefilms.com/fallback/transparent/w/600/h/200/banner?c=1bfwsmEH20zzEfSNTed,https://cdn.brandfetch.io/idwn3iPgad/w/400/h/400/theme/dark/icon.jpeg?c=1bxid64Mup7aczewSAYMX&t=1772824624166,0,2026-11-06T11:46:55
CO-FR-PAR-ENT-0538,CO-FR-PAR-ENT,Parc Astérix,Get 16% cashback when you spend €20,fr_FR,fr,FR,France,ENTERTAINMENT,Standard,16,True,/CO-FR-PAR-ENT-0538,https://cdn.brandfetch.io/parc-asterix.fr/fallback/transparent/w/600/h/200/banner?c=1bfwsmEH20zzEfSNTed,https://cdn.brandfetch.io/id38Pgrz0F/w/400/h/400/theme/dark/icon.jpeg?c=1bxid64Mup7aczewSAYMX&t=1774768750947,0,2026-12-21T02:57:59
CO-FR-LYN-TRA-0558,CO-FR-LYN-TRA,SNCF Connect,Get 8% cashback when you spend €100,fr_FR,fr,FR,France,TRAVEL,Premium,8,True,/CO-FR-LYN-TRA-0558,https://cdn.brandfetch.io/sncf-connect.com/fallback/transparent/w/600/h/200/banner?c=1bfwsmEH20zzEfSNTed,https://cdn.brandfetch.io/domain/sncf-connect.com/fallback/lettermark/theme/dark/h/400/w/400/icon?c=1bfwsmEH20zzEfSNTed,0,2026-11-01T06:29:31
CO-FR-LYN-CUL-0559,CO-FR-LYN-CUL,Paul,Get 26% cashback when you spend €15,fr_FR,fr,FR,France,CULINARY,Premium,26,True,/CO-FR-LYN-CUL-0559,https://cloudfront-eu-central-1.images.arcpublishing.com/arenaholdings/6OWNBXMMLBMIDL2S2BCEMQZN5A.jpg,https://www.paul-bakeries.com/media/logo/websites/165/Logo_Paul_FR.png,0,2026-12-23T04:11:35
CO-FR-LYN-CUL-0561,CO-FR-LYN-CUL,Paul,Get 31% cashback when you spend €15,fr_FR,fr,FR,France,CULINARY,Black,31,True,/CO-FR-LYN-CUL-0561,https://cloudfront-eu-central-1.images.arcpublishing.com/arenaholdings/6OWNBXMMLBMIDL2S2BCEMQZN5A.jpg,https://www.paul-bakeries.com/media/logo/websites/165/Logo_Paul_FR.png,0,2026-10-02T13:34:19
CO-FR-LYN-SPO-0569,CO-FR-LYN-SPO,Fitness Park,Get 42% off when you spend €40,fr_FR,fr,FR,France,SPORTSWELLNESS,Black,42,True,/CO-FR-LYN-SPO-0569,https://cdn.brandfetch.io/fitnesspark.fr/fallback/transparent/w/600/h/200/banner?c=1bfwsmEH20zzEfSNTed,https://cdn.brandfetch.io/domain/fitnesspark.fr/fallback/lettermark/theme/dark/h/400/w/400/icon?c=1bfwsmEH20zzEfSNTed,0,2026-10-18T00:55:04
CO-FR-LYN-ENT-0571,CO-FR-LYN-ENT,Pathé,Get 14% cashback when you spend €20,fr_FR,fr,FR,France,ENTERTAINMENT,Premium,14,True,/CO-FR-LYN-ENT-0571,https://cdn.brandfetch.io/pathefilms.com/fallback/transparent/w/600/h/200/banner?c=1bfwsmEH20zzEfSNTed,https://cdn.brandfetch.io/idwn3iPgad/w/400/h/400/theme/dark/icon.jpeg?c=1bxid64Mup7aczewSAYMX&t=1772824624166,0,2026-10-29T07:53:56
CO-FR-LYN-ENT-0575,CO-FR-LYN-ENT,Parc Astérix,Get 26% cashback when you spend €20,fr_FR,fr,FR,France,ENTERTAINMENT,Premium,26,True,/CO-FR-LYN-ENT-0575,https://cdn.brandfetch.io/parc-asterix.fr/fallback/transparent/w/600/h/200/banner?c=1bfwsmEH20zzEfSNTed,https://cdn.brandfetch.io/id38Pgrz0F/w/400/h/400/theme/dark/icon.jpeg?c=1bxid64Mup7aczewSAYMX&t=1774768750947,0,2026-10-02T15:08:34
CO-FR-LYN-ENT-0576,CO-FR-LYN-ENT,Parc Astérix,Get 34% cashback when you spend €20,fr_FR,fr,FR,France,ENTERTAINMENT,Black,34,True,/CO-FR-LYN-ENT-0576,https://cdn.brandfetch.io/parc-asterix.fr/fallback/transparent/w/600/h/200/banner?c=1bfwsmEH20zzEfSNTed,https://cdn.brandfetch.io/id38Pgrz0F/w/400/h/400/theme/dark/icon.jpeg?c=1bxid64Mup7aczewSAYMX&t=1774768750947,0,2026-12-18T14:14:28
CO-FR-MRS-SHO-0586,CO-FR-MRS-SHO,Printemps,Get 17% cashback when you spend €50,fr_FR,fr,FR,France,SHOPPING,Premium,17,True,/CO-FR-MRS-SHO-0586,https://cdn.brandfetch.io/printemps-bourges.com/fallback/transparent/w/600/h/200/banner?c=1bfwsmEH20zzEfSNTed,https://cdn.brandfetch.io/idvnIR2VaI/w/1080/h/1080/theme/dark/icon.jpeg?c=1bxid64Mup7aczewSAYMX&t=1778905050291,0,2026-10-15T12:01:14
CO-FR-NCE-ART-0618,CO-FR-NCE-ART,Centre Pompidou,Get 31% off when you spend €20,fr_FR,fr,FR,France,ARTSCULTURE,Premium,31,True,/CO-FR-NCE-ART-0618,https://blog.artsper.com/wp-content/uploads/2014/07/New-Featured-Image-1200-x-675-2.jpg,https://cdn.brandfetch.io/idEQ4MXbrm/w/900/h/900/theme/dark/icon.png?c=1bxid64Mup7aczewSAYMX&t=1778052281237,0,2026-10-23T07:22:38
